profile_x, profile_y
8396.0, 15908.0
7914.0, 14425.0
12174.0, 24972.0
11057.0, 19803.0
9312.0, 25253.0
6720.0, 21888.0
13947.0, 32840.0
11711.0, 15970.0
13491.0, 15442.0
12186.0, 22798.0
9802.0, 14028.0
13808.0, 40788.0
16578.0, 15377.0
13910.0, 12454.0
6533.0, 13105.0
7610.0, 14442.0
12472.0, 18806.0
7604.0, 19198.0
11037.0, 14272.0
15437.0, 14361.0
18109.0, 19431.0
14943.0, 16908.0
11386.0, 17738.0
13078.0, 12364.0
6312.0, 13683.0
8376.0, 11802.0
7707.0, 13227.0
10042.0, 25498.0
8207.0, 19551.0
6675.0, 20102.0
9906.0, 23321.0
15057.0, 9780.0
8235.0, 16695.0
10398.0, 17713.0
13541.0, 17587.0
11020.0, 20539.0
10806.0, 13746.0
12586.0, 20204.0
8954.0, 12656.0
14987.0, 13111.0
14557.0, 14744.0
8646.0, 19909.0
14872.0, 17324.0
11518.0, 22146.0
18914.0, 13398.0
6428.0, 13860.0
11951.0, 18210.0
8237.0, 22011.0
10598.0, 13837.0
6858.0, 12861.0
10061.0, 17673.0
13456.0, 10372.0
14239.0, 15362.0
8991.0, 12648.0
7264.0, 16367.0
13360.0, 12368.0
7143.0, 14208.0
9403.0, 19910.0
11101.0, 17505.0
11062.0, 14222.0
19075.0, 25149.0
6956.0, 11203.0
7055.0, 17661.0
10924.0, 17576.0
10515.0, 11771.0
9337.0, 20104.0
11682.0, 11248.0
14047.0, 17221.0
12082.0, 16709.0
11868.0, 16505.0
9710.0, 15758.0
7359.0, 22056.0
8980.0, 12703.0
5924.0, 13344.0
16225.0, 14698.0
9262.0, 22197.0
15797.0, 20832.0
8362.0, 24218.0
12501.0, 12738.0
11923.0, 22231.0
11519.0, 18407.0
8122.0, 18451.0
12789.0, 13264.0
15865.0, 13732.0
9700.0, 16813.0
10950.0, 18423.0
12079.0, 27658.0
12861.0, 15177.0
12540.0, 21828.0
8847.0, 9555.0
10092.0, 20813.0
6128.0, 24722.0
17698.0, 11856.0
14628.0, 13591.0
16540.0, 16870.0
9261.0, 13431.0
11341.0, 16239.0
12034.0, 15949.0
21303.0, 18122.0
6115.0, 18294.0
11522.0, 11378.0
11253.0, 17260.0
23421.0, 13103.0
9652.0, 19833.0
9833.0, 20962.0
8461.0, 23715.0
13559.0, 25471.0
10206.0, 16037.0
13526.0, 16636.0
21321.0, 30408.0
10246.0, 14980.0
9598.0, 8885.0
10959.0, 13656.0
6584.0, 15487.0
13827.0, 16271.0
8791.0, 11369.0
12210.0, 12309.0
11101.0, 18553.0
7386.0, 17066.0
11118.0, 13917.0
13362.0, 12571.0
9114.0, 25133.0
6557.0, 20659.0
13809.0, 17401.0
18786.0, 15931.0
10207.0, 13363.0
8671.0, 13208.0
17297.0, 19629.0
17033.0, 17649.0
16117.0, 15677.0
20155.0, 15052.0
10165.0, 13645.0
10036.0, 17899.0
9650.0, 11012.0
7806.0, 21166.0
13149.0, 18585.0
11318.0, 16961.0
7962.0, 14053.0
13081.0, 13430.0
12272.0, 14929.0
9535.0, 30406.0
12409.0, 16209.0
6863.0, 14932.0
12408.0, 18696.0
20529.0, 21255.0
9340.0, 24749.0
18459.0, 17044.0
11358.0, 20607.0
9695.0, 18533.0
14592.0, 20201.0
8548.0, 12033.0
10839.0, 17086.0
7813.0, 16835.0
9851.0, 13234.0
16608.0, 10961.0
6556.0, 12092.0
13148.0, 19961.0
9753.0, 13228.0
8609.0, 21632.0
11210.0, 11113.0
9245.0, 15032.0
16408.0, 24164.0
7352.0, 13762.0
8353.0, 11475.0
11913.0, 22150.0
8615.0, 12681.0
14380.0, 17679.0
14769.0, 14745.0
7317.0, 17258.0
13418.0, 13486.0
10724.0, 14915.0
14630.0, 21268.0
8888.0, 16832.0
13358.0, 19517.0
12254.0, 15558.0
11257.0, 23009.0
8508.0, 10656.0
17989.0, 17907.0
9718.0, 17667.0
14990.0, 29842.0
16694.0, 22354.0
9260.0, 18931.0
10383.0, 12984.0
11647.0, 25054.0
9944.0, 18514.0
10157.0, 11454.0
11801.0, 19806.0
17669.0, 13353.0
8559.0, 14230.0
15467.0, 12964.0
13907.0, 14783.0
16477.0, 12057.0
8253.0, 13426.0
14829.0, 18822.0
8679.0, 18999.0
14743.0, 20504.0
7046.0, 15586.0
11136.0, 19386.0
10022.0, 11585.0
8738.0, 19062.0
9077.0, 11064.0
13709.0, 21230.0
8177.0, 22853.0
15031.0, 17564.0
8221.0, 17398.0
17769.0, 22409.0
8810.0, 13814.0
17488.0, 12216.0
11000.0, 13381.0
7854.0, 13276.0
14927.0, 22859.0
13618.0, 14749.0
9187.0, 11547.0
12126.0, 16634.0
13393.0, 13864.0
9076.0, 14567.0
13051.0, 12743.0
11972.0, 15107.0
15189.0, 15925.0
12063.0, 17240.0
11484.0, 16472.0
10318.0, 9163.0
9661.0, 12973.0
9992.0, 12744.0
12631.0, 17192.0
11632.0, 19219.0
18704.0, 9964.0
12652.0, 11188.0
12284.0, 27261.0
11916.0, 13553.0
11844.0, 22880.0
8760.0, 11109.0
22298.0, 22827.0
11626.0, 14417.0
15004.0, 25563.0
11128.0, 14527.0
12852.0, 16119.0
19203.0, 18767.0
14247.0, 12568.0
15068.0, 15595.0
10926.0, 10918.0
10016.0, 15459.0
13214.0, 23167.0
18985.0, 15478.0
10821.0, 10904.0
12824.0, 15137.0
13324.0, 25993.0
19827.0, 17872.0
11790.0, 18780.0
13893.0, 13830.0
18973.0, 23352.0
10412.0, 18080.0
13733.0, 18006.0
16950.0, 20728.0
12537.0, 18924.0
14760.0, 18115.0
15009.0, 19063.0
13694.0, 19747.0
12018.0, 19527.0
12522.0, 14628.0
14102.0, 13527.0
28278.0, 18777.0
17063.0, 22948.0
16658.0, 29943.0
13573.0, 12184.0
12611.0, 26125.0
18164.0, 21014.0
26135.0, 21870.0
20623.0, 14419.0
16159.0, 14394.0
16336.0, 23564.0
16038.0, 17910.0
16821.0, 22267.0
15283.0, 21159.0
20305.0, 29056.0
21765.0, 22568.0
14881.0, 15931.0
24015.0, 19927.0
19220.0, 13876.0
17710.0, 15104.0
14173.0, 16519.0
16201.0, 12133.0
21924.0, 19422.0
19337.0, 16760.0
14645.0, 25725.0
19179.0, 17042.0
19023.0, 19273.0
21596.0, 12165.0
17637.0, 14010.0
28523.0, 17879.0
16074.0, 22471.0
20282.0, 11749.0
16825.0, 16416.0
16861.0, 13819.0
22551.0, 12930.0
18456.0, 22664.0
18161.0, 12283.0
18269.0, 16059.0
17275.0, 21436.0
17534.0, 24579.0
18569.0, 18427.0
18000.0, 17894.0
15316.0, 19839.0
20238.0, 12463.0
24298.0, 20100.0
19850.0, 21366.0
18574.0, 13679.0
26145.0, 25979.0
17827.0, 24566.0
16993.0, 22294.0
24015.0, 18639.0
19111.0, 24258.0
19059.0, 27212.0
17951.0, 18616.0
29309.0, 19998.0
19316.0, 23261.0
20610.0, 26594.0
22419.0, 15785.0
21171.0, 22878.0
22697.0, 15813.0
22018.0, 17785.0
19635.0, 17719.0
29089.0, 14477.0
21886.0, 15509.0
21287.0, 25858.0
29707.0, 21584.0
20649.0, 19676.0
25035.0, 32445.0
22668.0, 12826.0
25516.0, 11835.0
27165.0, 23199.0
28995.0, 19485.0
25931.0, 21805.0
24085.0, 17821.0
26955.0, 14326.0
33175.0, 17587.0
29481.0, 19510.0
36284.0, 21206.0
33934.0, 14828.0
36341.0, 17127.0
40309.0, 17157.0
35530.0, 19392.0
40986.0, 12221.0
42985.0, 11900.0
43007.0, 14702.0
50464.0, 17790.0
56132.0, 14976.0
44145.0, 16226.0
49710.0, 16676.0
51947.0, 11840.0
56369.0, 14102.0
49722.0, 17068.0
54164.0, 14951.0
50646.0, 15384.0
47505.0, 15325.0
49691.0, 12156.0
58382.0, 16839.0
50911.0, 18297.0
50542.0, 21149.0
51556.0, 12146.0
54859.0, 17555.0
51573.0, 12707.0
50354.0, 20141.0
49808.0, 23543.0
62085.0, 13028.0
55775.0, 17780.0
52042.0, 29463.0
54347.0, 18020.0
58820.0, 23585.0
53562.0, 22764.0
58718.0, 15125.0
53967.0, 18239.0
52362.0, 16796.0
49182.0, 20772.0
51528.0, 17814.0
50365.0, 16755.0
51412.0, 22645.0
49772.0, 13891.0
52060.0, 12860.0
53971.0, 15029.0
50635.0, 16792.0
57881.0, 12555.0
49115.0, 17539.0
48336.0, 18392.0
54994.0, 21642.0
54762.0, 26725.0
58261.0, 18821.0
55324.0, 21055.0
48399.0, 15129.0
51823.0, 12431.0
48826.0, 19721.0
46713.0, 17357.0
48043.0, 20330.0
53118.0, 20827.0
48122.0, 20867.0
50293.0, 15615.0
49316.0, 15426.0
47970.0, 22021.0
47154.0, 15715.0
53920.0, 12549.0
52235.0, 17490.0
47989.0, 19830.0
48249.0, 20206.0
56464.0, 15778.0
50316.0, 15851.0
49844.0, 18702.0
47946.0, 17867.0
50855.0, 17907.0
51526.0, 14418.0
49791.0, 11910.0
52176.0, 15067.0
51993.0, 16164.0
49036.0, 17033.0
55096.0, 24860.0
50534.0, 13996.0
50116.0, 16362.0
48309.0, 24297.0
48501.0, 18588.0
47854.0, 15382.0
49788.0, 18807.0
52608.0, 15512.0
50075.0, 18084.0
53306.0, 14082.0
48769.0, 19474.0
49160.0, 12606.0
49563.0, 20153.0
60843.0, 22595.0
48574.0, 25550.0
61646.0, 13390.0
53722.0, 29815.0
48704.0, 17031.0
50414.0, 20161.0
48855.0, 16215.0
54140.0, 17606.0
50740.0, 14840.0
52135.0, 22468.0
50212.0, 27040.0
50853.0, 12453.0
45695.0, 16979.0
54671.0, 15355.0
47817.0, 14293.0
51668.0, 13812.0
48005.0, 16449.0
54976.0, 20097.0
55895.0, 15537.0
49104.0, 18276.0
48542.0, 19886.0
54986.0, 17625.0
52069.0, 14308.0
53368.0, 13102.0
53073.0, 20497.0
45673.0, 16521.0
46625.0, 16070.0
48371.0, 17769.0
47232.0, 14191.0
46744.0, 23028.0
46719.0, 23023.0
48268.0, 19644.0
51286.0, 15461.0
48067.0, 10930.0
49358.0, 9833.0
49320.0, 18657.0
49966.0, 12774.0
48927.0, 16705.0
50247.0, 21011.0
58290.0, 13935.0
51377.0, 20671.0
46910.0, 12837.0
50397.0, 19644.0
50160.0, 22865.0
50872.0, 26288.0
51591.0, 27033.0
46833.0, 12805.0
47299.0, 23277.0
50303.0, 13674.0
48867.0, 20450.0
46440.0, 30148.0
57185.0, 12657.0
51301.0, 15985.0
48150.0, 16448.0
49057.0, 17583.0
55530.0, 19544.0
48333.0, 13560.0
56762.0, 16024.0
50586.0, 22863.0
55057.0, 19332.0
45041.0, 24288.0
48211.0, 22249.0
60305.0, 22634.0
48775.0, 12365.0
51740.0, 11010.0
55204.0, 15027.0
48360.0, 14307.0
58061.0, 19595.0
53085.0, 14894.0
53900.0, 16098.0
50336.0, 10365.0
47138.0, 15895.0
51133.0, 16917.0
47180.0, 26348.0
49931.0, 16209.0
45447.0, 27584.0
57584.0, 13588.0
54681.0, 23231.0
46054.0, 24263.0
53488.0, 17744.0
47988.0, 17665.0
48370.0, 19880.0
46357.0, 10976.0
53240.0, 16740.0
50361.0, 19145.0
48874.0, 13448.0
49694.0, 22242.0
51977.0, 12680.0
56427.0, 14451.0
53062.0, 20949.0
52957.0, 30342.0
47987.0, 18650.0
50189.0, 16401.0
46918.0, 11784.0
51601.0, 13002.0
49762.0, 17994.0
51081.0, 14777.0
52953.0, 21253.0
53090.0, 29017.0
50399.0, 18554.0
46299.0, 19669.0
51696.0, 28627.0
50462.0, 17090.0
50253.0, 13252.0
53509.0, 20796.0
52680.0, 22893.0
52286.0, 14523.0
52383.0, 16944.0
52454.0, 22913.0
48392.0, 18959.0
49067.0, 13623.0
50533.0, 14887.0
50379.0, 16671.0
49026.0, 30672.0
50520.0, 17343.0
54338.0, 22101.0
60138.0, 19778.0
48742.0, 22954.0
57162.0, 14908.0
63442.0, 24568.0
51550.0, 20119.0
51372.0, 25416.0
53784.0, 22687.0
60428.0, 14324.0
48038.0, 22521.0
49842.0, 16853.0
58359.0, 19110.0
56712.0, 14906.0
50372.0, 17094.0
52120.0, 16152.0
51141.0, 14000.0
58649.0, 14686.0
55352.0, 17535.0
54210.0, 19838.0
54883.0, 23240.0
52779.0, 15890.0
53401.0, 26196.0
50628.0, 25920.0
51285.0, 21937.0
51457.0, 13261.0
49478.0, 20491.0
51387.0, 14637.0
51590.0, 20505.0
50045.0, 18145.0
54022.0, 19593.0
55166.0, 20142.0
51467.0, 20319.0
50779.0, 17052.0
52444.0, 24796.0
51116.0, 19919.0
50765.0, 17966.0
55694.0, 23017.0
59375.0, 15482.0
54151.0, 16194.0
55809.0, 16404.0
55092.0, 25024.0
53533.0, 11895.0
55407.0, 16206.0
50122.0, 12789.0
52048.0, 17182.0
63951.0, 13542.0
58568.0, 16276.0
51529.0, 15652.0
52907.0, 16435.0
52754.0, 21870.0
54511.0, 16263.0
54517.0, 22617.0
52074.0, 15625.0
57398.0, 12427.0
54916.0, 20471.0
52576.0, 21396.0
61837.0, 19267.0
55133.0, 19602.0
61695.0, 18897.0
52426.0, 17218.0
56415.0, 17323.0
56656.0, 26235.0
51238.0, 9036.0
52657.0, 14084.0
59791.0, 15999.0
58170.0, 17800.0
52795.0, 15649.0
53331.0, 17494.0
59502.0, 18856.0
57255.0, 18408.0
53232.0, 15873.0
52196.0, 19603.0
57642.0, 27602.0
58864.0, 13704.0
54519.0, 23053.0
55489.0, 16261.0
57874.0, 26132.0
55743.0, 15468.0
60315.0, 25295.0
63167.0, 12671.0
62776.0, 21508.0
53356.0, 18465.0
54806.0, 17667.0
54192.0, 15966.0
53835.0, 16649.0
57879.0, 25459.0
64993.0, 21033.0
58381.0, 15462.0
54504.0, 12427.0
58108.0, 14789.0
57039.0, 18094.0
60334.0, 16206.0
75666.0, 14161.0
61578.0, 13524.0
62730.0, 16984.0
67991.0, 21281.0
58355.0, 13662.0
63233.0, 11847.0
60516.0, 10255.0
57512.0, 10110.0
64115.0, 13791.0
59999.0, 25264.0
61122.0, 18114.0
60488.0, 26692.0
63509.0, 15393.0
67680.0, 28156.0
59203.0, 14027.0
62287.0, 16352.0
65374.0, 18718.0
64078.0, 25541.0
59928.0, 21271.0
60772.0, 21731.0
63134.0, 19931.0
65096.0, 26890.0
60818.0, 11792.0
59334.0, 12804.0
62888.0, 12257.0
63233.0, 17280.0
59233.0, 14428.0
59548.0, 17376.0
57021.0, 19771.0
57645.0, 26756.0
58565.0, 14735.0
59501.0, 13335.0
61386.0, 16008.0
57676.0, 24038.0
61672.0, 11175.0
60542.0, 13169.0
58321.0, 11855.0
72350.0, 23799.0
59466.0, 17017.0
58572.0, 20951.0
59323.0, 14004.0
60016.0, 12002.0
58815.0, 31538.0
58427.0, 17774.0
59647.0, 20115.0
62298.0, 18561.0
60585.0, 19790.0
61925.0, 19059.0
62358.0, 28417.0
75256.0, 16598.0
60544.0, 14256.0
62638.0, 14409.0
66852.0, 15480.0
61289.0, 20254.0
59992.0, 15974.0
59660.0, 23250.0
62483.0, 14924.0
64403.0, 15418.0
65130.0, 14446.0
76091.0, 21182.0
61174.0, 22162.0
63165.0, 21739.0
68272.0, 27969.0
67928.0, 21877.0
62790.0, 20180.0
60819.0, 15918.0
63808.0, 20125.0
61357.0, 19084.0
64199.0, 22203.0
65763.0, 19786.0
65026.0, 27432.0
63341.0, 16547.0
65992.0, 18653.0
63776.0, 23148.0
66391.0, 14373.0
69515.0, 19687.0
63151.0, 17726.0
64378.0, 18808.0
73907.0, 15220.0
66695.0, 25086.0
62907.0, 18049.0
59614.0, 23203.0
62723.0, 20079.0
58254.0, 17160.0
60965.0, 16776.0
61355.0, 23261.0
65635.0, 18878.0
66308.0, 15418.0
58547.0, 16452.0
59218.0, 17717.0
56597.0, 16046.0
65734.0, 19768.0
64199.0, 22230.0
63164.0, 23822.0
63724.0, 17443.0
72304.0, 24342.0
63610.0, 19393.0
59325.0, 14791.0
64972.0, 24305.0
67585.0, 15228.0
67410.0, 12025.0
61026.0, 21709.0
61658.0, 29136.0
65422.0, 17647.0
67546.0, 25564.0
69154.0, 16455.0
72107.0, 21175.0
62842.0, 18784.0
66775.0, 20093.0
72379.0, 19006.0
77108.0, 22751.0
68171.0, 12533.0
66611.0, 11612.0
69406.0, 14897.0
75899.0, 21172.0
72285.0, 13166.0
70570.0, 17850.0
78530.0, 18168.0
77078.0, 13360.0
69336.0, 24662.0
71777.0, 16238.0
83802.0, 12868.0
74633.0, 14792.0
70274.0, 23290.0
72451.0, 20715.0
75430.0, 18476.0
74876.0, 18440.0
79895.0, 19812.0
74885.0, 16664.0
71868.0, 19297.0
70323.0, 12447.0
80263.0, 19007.0
73714.0, 17572.0
76894.0, 18041.0
72191.0, 24967.0
72292.0, 13402.0
76147.0, 16910.0
76494.0, 15071.0
82018.0, 18562.0
79710.0, 21113.0
74850.0, 21551.0
74919.0, 16161.0
85894.0, 14857.0
80345.0, 22934.0
80352.0, 15847.0
80730.0, 15581.0
77961.0, 19022.0
73672.0, 17207.0
78102.0, 22910.0
78183.0, 15575.0
81524.0, 15860.0
74791.0, 22345.0
76664.0, 28581.0
88623.0, 19280.0
81877.0, 17492.0
86392.0, 20866.0
79802.0, 22984.0
75971.0, 14990.0
75853.0, 18639.0
83887.0, 13354.0
82162.0, 26924.0
79901.0, 15876.0
79244.0, 15604.0
78403.0, 13274.0
80517.0, 22841.0
79202.0, 13256.0
78576.0, 15717.0
82801.0, 12657.0
78906.0, 14612.0
81907.0, 15720.0
83144.0, 16700.0
75567.0, 13814.0
77930.0, 12277.0
81211.0, 23692.0
83430.0, 21821.0
82478.0, 15851.0
85415.0, 22722.0
84344.0, 15375.0
82131.0, 18771.0
81715.0, 15470.0
84677.0, 18007.0
82356.0, 14636.0
79392.0, 21939.0
81096.0, 14507.0
82814.0, 19663.0
88615.0, 18044.0
87403.0, 13059.0
88597.0, 14823.0
80404.0, 21592.0
84895.0, 30484.0
90482.0, 24203.0
91963.0, 14719.0
81092.0, 13789.0
84682.0, 12391.0
82919.0, 22592.0
81055.0, 18074.0
81659.0, 14695.0
88450.0, 26040.0
84736.0, 16819.0
98255.0, 23695.0
87892.0, 15761.0
84497.0, 13475.0
84510.0, 20238.0
82874.0, 14012.0
84566.0, 17029.0
85221.0, 16324.0
84573.0, 15957.0
82154.0, 17160.0
88607.0, 17131.0
86275.0, 14813.0
87703.0, 13529.0
90893.0, 23892.0
88276.0, 22889.0
87690.0, 15062.0
97000.0, 15271.0
87895.0, 17054.0
85707.0, 21842.0
105050.0, 28822.0
88556.0, 18814.0
90581.0, 17294.0
89490.0, 13316.0
93903.0, 17128.0
93685.0, 21986.0
97883.0, 18234.0
90522.0, 21253.0
98010.0, 15359.0
86829.0, 15994.0
93343.0, 21255.0
86696.0, 20923.0
93822.0, 19598.0
85417.0, 17815.0
87642.0, 15706.0
87060.0, 17560.0
89854.0, 15840.0
93539.0, 14827.0
90265.0, 24284.0
90609.0, 17907.0
99084.0, 17578.0
91013.0, 17702.0
94940.0, 19843.0
87590.0, 12877.0
93317.0, 16625.0
90105.0, 20493.0
93790.0, 31857.0
89871.0, 13281.0
89520.0, 14232.0
94862.0, 29470.0
96653.0, 19786.0
91613.0, 25396.0
93091.0, 26142.0
90467.0, 21765.0
91816.0, 20181.0
93156.0, 14315.0
93583.0, 14834.0
101416.0, 17636.0
91614.0, 17907.0
90757.0, 15530.0
96523.0, 17843.0
92100.0, 16398.0
94591.0, 20301.0
91139.0, 22042.0
93007.0, 20595.0
101514.0, 15485.0
98979.0, 20231.0
93992.0, 15338.0
96975.0, 23402.0
97885.0, 24649.0
96892.0, 20225.0
96933.0, 29466.0
92917.0, 31384.0
96885.0, 17969.0
96782.0, 15095.0
97987.0, 14751.0
100463.0, 17879.0
95050.0, 26787.0
104245.0, 18220.0
106710.0, 25829.0
104327.0, 32682.0
100040.0, 19293.0
98414.0, 17024.0
96808.0, 18984.0
98388.0, 18627.0
102302.0, 18849.0
104124.0, 22457.0
106582.0, 19194.0
101843.0, 12089.0
104299.0, 27190.0
103928.0, 17439.0
104718.0, 22567.0
102341.0, 23394.0
109586.0, 14972.0
103089.0, 18392.0
101700.0, 24588.0
104158.0, 19987.0
101511.0, 18284.0
113506.0, 16960.0
106086.0, 23975.0
106869.0, 20191.0
115270.0, 19227.0
106930.0, 21311.0
106733.0, 19806.0
107539.0, 24179.0
113887.0, 21526.0
104300.0, 16045.0
113381.0, 28563.0
107332.0, 14657.0
106139.0, 18812.0
108702.0, 21900.0
115229.0, 24832.0
109857.0, 14854.0
107859.0, 23220.0
111412.0, 23494.0
108958.0, 13214.0
118199.0, 16732.0
110532.0, 22679.0
107593.0, 35403.0
109101.0, 17716.0
109361.0, 16222.0
107214.0, 21019.0
115033.0, 17856.0
111498.0, 16122.0
117334.0, 21338.0
113951.0, 22975.0
123521.0, 18056.0
115541.0, 23310.0
117574.0, 18993.0
111825.0, 17408.0
116953.0, 23785.0
120118.0, 21661.0
121752.0, 27585.0
114363.0, 24326.0
116221.0, 19730.0
112870.0, 16026.0
116784.0, 14318.0
128233.0, 20938.0
116883.0, 14466.0
121170.0, 26013.0
116947.0, 19290.0
125530.0, 24017.0
122794.0, 16566.0
122739.0, 14261.0
120581.0, 31847.0
124465.0, 16472.0
125250.0, 18741.0
133957.0, 15116.0
125296.0, 26143.0
126966.0, 23065.0
122281.0, 27261.0
123865.0, 20565.0
126024.0, 19828.0
126313.0, 17868.0
123707.0, 15737.0
133427.0, 23332.0
127130.0, 20760.0
123588.0, 18193.0
127111.0, 24147.0
125814.0, 14059.0
130938.0, 18735.0
128864.0, 18226.0
122970.0, 18340.0
126063.0, 25168.0
124804.0, 19538.0
125631.0, 23460.0
127441.0, 21626.0
125298.0, 21116.0
125771.0, 26375.0
132107.0, 20669.0
121608.0, 23441.0
127640.0, 19047.0
126782.0, 24373.0
129122.0, 19201.0
124285.0, 16973.0
129372.0, 29897.0
126991.0, 23255.0
127454.0, 25988.0
126740.0, 23026.0
121303.0, 21096.0
122181.0, 30976.0
128685.0, 20782.0
126372.0, 33567.0
121334.0, 26341.0
122974.0, 21375.0
129382.0, 19427.0
121462.0, 25721.0
123834.0, 24258.0
124496.0, 31486.0
121452.0, 22244.0
129236.0, 22128.0
125141.0, 25762.0
135785.0, 38931.0
126215.0, 27174.0
121387.0, 21023.0
128557.0, 23271.0
123041.0, 26618.0
121605.0, 31397.0
124619.0, 20254.0
128655.0, 25006.0
126446.0, 16249.0
126079.0, 27208.0
128410.0, 20413.0
123324.0, 23828.0
123714.0, 28700.0
120643.0, 26757.0
128022.0, 28824.0
120857.0, 24600.0
123902.0, 21798.0
126472.0, 27924.0
128464.0, 24049.0
129659.0, 24148.0
130505.0, 33503.0
135140.0, 26316.0
128127.0, 25011.0
133450.0, 26511.0
128754.0, 21879.0
124665.0, 37994.0
129638.0, 26854.0
133542.0, 27091.0
131836.0, 25209.0
133533.0, 28669.0
132129.0, 22503.0
127062.0, 25030.0
127137.0, 29821.0
129126.0, 29381.0
126979.0, 33133.0
125924.0, 35354.0
126630.0, 30469.0
123748.0, 26221.0
127357.0, 35660.0
130986.0, 26753.0
126352.0, 34444.0
127450.0, 27454.0
124143.0, 35516.0
126131.0, 33818.0
124408.0, 23741.0
132224.0, 25165.0
126426.0, 30867.0
125926.0, 32286.0
120354.0, 24117.0
125915.0, 26271.0
125192.0, 30138.0
120889.0, 29945.0
118177.0, 25593.0
120353.0, 29636.0
118148.0, 25199.0
121278.0, 35862.0
118547.0, 25504.0
114217.0, 38863.0
112761.0, 28418.0
122598.0, 38030.0
119473.0, 33146.0
119145.0, 24529.0
119995.0, 23709.0
119750.0, 34558.0
110051.0, 27366.0
106599.0, 29863.0
114883.0, 26511.0
106429.0, 25150.0
110000.0, 27208.0
103561.0, 27803.0
104504.0, 34160.0
102819.0, 35385.0
106473.0, 29115.0
102847.0, 27396.0
103473.0, 34771.0
100830.0, 33696.0
103033.0, 29891.0
103703.0, 23546.0
100329.0, 29522.0
98273.0, 32654.0
98805.0, 28091.0
93989.0, 30761.0
94439.0, 31065.0
95760.0, 29678.0
96670.0, 26187.0
94819.0, 25374.0
89265.0, 31767.0
89113.0, 36959.0
88361.0, 34149.0
94846.0, 35860.0
90186.0, 43091.0
87500.0, 23178.0
91846.0, 30435.0
82953.0, 28411.0
85911.0, 30320.0
83109.0, 26841.0
76968.0, 26058.0
77756.0, 36395.0
77672.0, 33991.0
84273.0, 31988.0
74715.0, 35085.0
74122.0, 34501.0
71632.0, 29946.0
74724.0, 35205.0
68357.0, 40368.0
66576.0, 33736.0
65291.0, 37087.0
66335.0, 35697.0
62766.0, 29880.0
63958.0, 32622.0
61531.0, 33254.0
60407.0, 32804.0
59775.0, 33564.0
55058.0, 28480.0
64176.0, 29319.0
59204.0, 48511.0
53045.0, 42412.0
53129.0, 40260.0
58881.0, 36420.0
64026.0, 31125.0
50914.0, 37942.0
48965.0, 41205.0
49594.0, 44601.0
50911.0, 42741.0
53770.0, 39707.0
55229.0, 39085.0
48925.0, 44823.0
61892.0, 33187.0
50685.0, 36034.0
54374.0, 41497.0
56786.0, 37210.0
59715.0, 40890.0
50256.0, 40838.0
66404.0, 52903.0
54199.0, 51257.0
65903.0, 45975.0
59368.0, 47332.0
53010.0, 43623.0
56021.0, 46838.0
59350.0, 52095.0
60515.0, 50221.0
74207.0, 57907.0
60353.0, 54210.0
59320.0, 58083.0
60002.0, 60187.0
66558.0, 57739.0
72073.0, 56093.0
61398.0, 58638.0
62524.0, 63955.0
62692.0, 65908.0
64161.0, 67485.0
71438.0, 75622.0
64025.0, 76609.0
73439.0, 83830.0
72248.0, 94222.0
75483.0, 86889.0
64171.0, 99870.0
78767.0, 98417.0
71945.0, 107302.0
66343.0, 119895.0
71028.0, 117751.0
70732.0, 128757.0
70080.0, 145207.0
76375.0, 160473.0
68937.0, 171358.0
74549.0, 184810.0
67680.0, 199261.0
68137.0, 216209.0
73428.0, 229973.0
69321.0, 242692.0
79057.0, 270968.0
73757.0, 276189.0
71046.0, 289293.0
69004.0, 313454.0
77728.0, 332175.0
73556.0, 347842.0
70492.0, 369492.0
72289.0, 386210.0
82541.0, 404803.0
73131.0, 421765.0
75991.0, 437117.0
78362.0, 453703.0
67781.0, 474242.0
74284.0, 500112.0
78392.0, 508308.0
67464.0, 527227.0
66476.0, 544040.0
69742.0, 549194.0
65587.0, 574192.0
73789.0, 583046.0
68598.0, 600497.0
66329.0, 601808.0
70899.0, 625424.0
64401.0, 627187.0
68042.0, 639198.0
69868.0, 652096.0
66053.0, 668251.0
73932.0, 671471.0
60918.0, 684213.0
58762.0, 693474.0
59549.0, 709314.0
59078.0, 709016.0
61604.0, 723470.0
63797.0, 722912.0
66094.0, 733445.0
57798.0, 739873.0
56344.0, 741082.0
60336.0, 756966.0
62845.0, 761359.0
58781.0, 767400.0
57481.0, 773668.0
54622.0, 775965.0
55681.0, 781745.0
51156.0, 777976.0
53721.0, 789992.0
54071.0, 789834.0
47973.0, 797220.0
47871.0, 799613.0
50736.0, 810343.0
54173.0, 800207.0
54750.0, 805929.0
48381.0, 810444.0
46641.0, 805063.0
49364.0, 822922.0
50763.0, 821807.0
46605.0, 826406.0
51044.0, 839016.0
51144.0, 832651.0
48407.0, 841062.0
47651.0, 837913.0
48532.0, 834179.0
45990.0, 832578.0
50402.0, 823113.0
53332.0, 819159.0
49056.0, 800411.0
66479.0, 782918.0
44229.0, 768920.0
42799.0, 755606.0
45665.0, 725947.0
47883.0, 708095.0
44972.0, 677919.0
45002.0, 649981.0
55141.0, 620826.0
53419.0, 573480.0
51830.0, 540879.0
50311.0, 508899.0
46729.0, 462684.0
46055.0, 439054.0
46240.0, 406977.0
54529.0, 366728.0
45015.0, 331682.0
50375.0, 301408.0
48364.0, 282562.0
55782.0, 248003.0
46420.0, 231823.0
49690.0, 212332.0
56047.0, 194958.0
45209.0, 171409.0
51454.0, 159728.0
55106.0, 147541.0
44479.0, 128089.0
49267.0, 120951.0
45411.0, 110372.0
47910.0, 105851.0
47434.0, 96654.0
53818.0, 89970.0
44243.0, 83527.0
46479.0, 83582.0
45453.0, 75575.0
47477.0, 70446.0
44198.0, 67268.0
48764.0, 64174.0
49237.0, 63519.0
42402.0, 62227.0
48649.0, 58118.0
49231.0, 57616.0
51734.0, 52616.0
46912.0, 51904.0
41593.0, 54973.0
48154.0, 43921.0
49720.0, 43498.0
46797.0, 45970.0
41902.0, 43403.0
42242.0, 62072.0
53146.0, 49018.0
47271.0, 46050.0
44383.0, 50748.0
47886.0, 39438.0
50476.0, 43556.0
47605.0, 43710.0
44291.0, 45907.0
43856.0, 49805.0
42817.0, 49298.0
47297.0, 41968.0
40807.0, 52511.0
41670.0, 43990.0
43004.0, 41607.0
48219.0, 43915.0
44487.0, 46611.0
40967.0, 41544.0
38941.0, 39153.0
43104.0, 40600.0
44638.0, 49227.0
42538.0, 37328.0
35911.0, 37658.0
42678.0, 52529.0
36385.0, 38529.0
39823.0, 46346.0
35175.0, 48342.0
39082.0, 43334.0
45834.0, 35590.0
46392.0, 41091.0
33921.0, 35959.0
30483.0, 36634.0
40963.0, 35494.0
32567.0, 35725.0
40365.0, 34245.0
30824.0, 46615.0
28204.0, 42207.0
36777.0, 32911.0
27547.0, 33771.0
27166.0, 37524.0
30175.0, 40358.0
27538.0, 36989.0
31035.0, 35490.0
38814.0, 44050.0
30600.0, 40605.0
33160.0, 41121.0
34234.0, 40794.0
27166.0, 34955.0
30388.0, 40313.0
32194.0, 29853.0
36492.0, 31176.0
28126.0, 50089.0
33035.0, 30914.0
39647.0, 37360.0
30490.0, 36860.0
29506.0, 43691.0
37803.0, 33510.0
35742.0, 40882.0
31452.0, 40056.0
31961.0, 41126.0
34255.0, 34385.0
36411.0, 35862.0
32140.0, 36682.0
42730.0, 33366.0
32125.0, 34824.0
37099.0, 36613.0
36353.0, 34403.0
31518.0, 33809.0
30565.0, 43627.0
30226.0, 32244.0
28745.0, 39324.0
33241.0, 35940.0
34213.0, 35750.0
33255.0, 40454.0
34358.0, 37304.0
33050.0, 42166.0
32491.0, 42791.0
27042.0, 35783.0
31829.0, 40674.0
27761.0, 36197.0
32349.0, 31005.0
34131.0, 42502.0
31505.0, 38255.0
30226.0, 34535.0
35804.0, 48688.0
30388.0, 37295.0
25347.0, 33274.0
27440.0, 43127.0
22614.0, 36840.0
29110.0, 35761.0
25492.0, 40493.0
30508.0, 34063.0
25344.0, 45838.0
25406.0, 38451.0
22965.0, 30580.0
22673.0, 31589.0
24696.0, 30739.0
30973.0, 43986.0
23321.0, 28650.0
28606.0, 33497.0
20782.0, 49532.0
19620.0, 28096.0
23624.0, 38246.0
21650.0, 42291.0
28263.0, 31758.0
23129.0, 33347.0
20607.0, 37232.0
21053.0, 39635.0
22997.0, 38042.0
19643.0, 38134.0
24226.0, 37284.0
20991.0, 43259.0
26481.0, 33552.0
16103.0, 43866.0
24533.0, 33747.0
30290.0, 40513.0
17678.0, 37876.0
20059.0, 43401.0
18527.0, 45980.0
19141.0, 34360.0
18187.0, 46213.0
25831.0, 35754.0
22953.0, 35821.0
17109.0, 37575.0
19332.0, 31995.0
20861.0, 39724.0
21997.0, 39285.0
16310.0, 31782.0
16870.0, 36902.0
24372.0, 45767.0
23421.0, 43886.0
26638.0, 32758.0
19300.0, 37546.0
15167.0, 35883.0
24026.0, 32133.0
25858.0, 41987.0
19135.0, 33420.0
14655.0, 44534.0
24013.0, 40224.0
14693.0, 33532.0
14599.0, 44957.0
18613.0, 39452.0
18300.0, 33087.0
19906.0, 33247.0
13883.0, 33590.0
22605.0, 35347.0
20095.0, 34032.0
24017.0, 36973.0
18336.0, 31672.0
18251.0, 38924.0
21707.0, 38058.0
14265.0, 34042.0
16954.0, 36558.0
15638.0, 36276.0
13887.0, 36309.0
16705.0, 30742.0
12862.0, 37732.0
17518.0, 32218.0
16044.0, 38014.0
18023.0, 35738.0
13199.0, 36446.0
15252.0, 33952.0
15221.0, 42280.0
13466.0, 32716.0
21934.0, 34910.0
16453.0, 36779.0
19250.0, 29256.0
18835.0, 28391.0
13918.0, 37791.0
12145.0, 36828.0
16521.0, 30453.0
14962.0, 31765.0
22125.0, 31748.0
20802.0, 45778.0
17351.0, 37303.0
16283.0, 37502.0
11315.0, 29007.0
16805.0, 32764.0
12566.0, 31636.0
13632.0, 38358.0
17253.0, 35852.0
17556.0, 36392.0
16097.0, 45041.0
15084.0, 45033.0
13505.0, 31295.0
18606.0, 33277.0
13237.0, 35898.0
13806.0, 36234.0
15227.0, 41479.0
13499.0, 34103.0
17553.0, 36690.0
19246.0, 31961.0
14958.0, 30439.0
20161.0, 27696.0
20580.0, 35478.0
17653.0, 36703.0
15173.0, 32541.0
17479.0, 32183.0
16479.0, 30862.0
20260.0, 35605.0
13995.0, 49644.0
19881.0, 31372.0
14160.0, 42957.0
13286.0, 30904.0
12886.0, 36259.0
16367.0, 37097.0
13571.0, 32239.0
15368.0, 30729.0
12202.0, 29709.0
11964.0, 38107.0
12612.0, 35379.0
16941.0, 34300.0
20456.0, 29468.0
18204.0, 30273.0
16517.0, 27962.0
11168.0, 35409.0
25860.0, 28153.0
18268.0, 35697.0
11739.0, 28792.0
10532.0, 31076.0
26357.0, 28831.0
14302.0, 26871.0
18666.0, 29208.0
13707.0, 36172.0
12559.0, 40108.0
14160.0, 34965.0
18335.0, 33424.0
13957.0, 37327.0
15888.0, 32211.0
15298.0, 36067.0
14850.0, 30213.0
27215.0, 30274.0
19346.0, 28180.0
12903.0, 30481.0
18588.0, 31511.0
15888.0, 31054.0
13325.0, 32637.0
14442.0, 46956.0
16296.0, 30625.0
13131.0, 29506.0
14067.0, 38967.0
13662.0, 43052.0
16365.0, 40703.0
12565.0, 26381.0
14686.0, 28923.0
26052.0, 30114.0
13149.0, 26305.0
12657.0, 30145.0
17189.0, 32223.0
14762.0, 27459.0
16146.0, 39216.0
18233.0, 28519.0
10317.0, 32982.0
11820.0, 27366.0
17884.0, 24729.0
13175.0, 30223.0
13374.0, 35001.0
14359.0, 26852.0
20908.0, 27722.0
11898.0, 32651.0
10974.0, 34564.0
11684.0, 27435.0
16849.0, 26545.0
19438.0, 38853.0
20192.0, 34690.0
15548.0, 27806.0
18115.0, 28320.0
12283.0, 30532.0
12958.0, 26686.0
13115.0, 35919.0
13863.0, 27619.0
12212.0, 33538.0
14153.0, 23919.0
20743.0, 28142.0
20308.0, 29979.0
17155.0, 25181.0
17140.0, 27276.0
20694.0, 30813.0
21911.0, 26554.0
11405.0, 30029.0
17290.0, 27239.0
13423.0, 28925.0
16967.0, 26577.0
13468.0, 24788.0
17549.0, 28914.0
16425.0, 31901.0
21843.0, 31642.0
15995.0, 28348.0
16556.0, 25345.0
12438.0, 24631.0
12540.0, 29916.0
15874.0, 27249.0
18127.0, 26685.0
20233.0, 28008.0
14217.0, 26115.0
16385.0, 23771.0
15314.0, 33051.0
14078.0, 31887.0
13636.0, 27805.0
15320.0, 22774.0
15295.0, 28174.0
24211.0, 24697.0
15570.0, 24524.0
16874.0, 34327.0
10798.0, 27911.0
18943.0, 30556.0
19348.0, 23457.0
23854.0, 30901.0
16968.0, 27825.0
22417.0, 20765.0
24051.0, 25531.0
13050.0, 19142.0
14230.0, 28882.0
12549.0, 21521.0
13075.0, 24132.0
21530.0, 18692.0
16616.0, 24312.0
9979.0, 35550.0
12118.0, 31987.0
10994.0, 25315.0
13906.0, 23189.0
12063.0, 24251.0
11825.0, 21532.0
12650.0, 34341.0
11794.0, 20188.0
12158.0, 30286.0
14137.0, 22096.0
20946.0, 25541.0
13019.0, 25497.0
15004.0, 25111.0
18459.0, 24147.0
12107.0, 21707.0
16897.0, 27511.0
12473.0, 21542.0
14402.0, 25462.0
24907.0, 19621.0
15564.0, 20047.0
10997.0, 17967.0
11888.0, 24075.0
14103.0, 23509.0
12658.0, 26584.0
14389.0, 22231.0
15596.0, 21592.0
14657.0, 23957.0
24294.0, 22863.0
11884.0, 22214.0
20103.0, 22937.0
10679.0, 21806.0
16059.0, 23787.0
17231.0, 28081.0
17713.0, 30888.0
12367.0, 25418.0
13340.0, 20421.0
18162.0, 30430.0
13560.0, 33563.0
14577.0, 27991.0
10974.0, 33074.0
20140.0, 20033.0
13543.0, 25991.0
14851.0, 15526.0
24407.0, 26497.0
14981.0, 23523.0
11804.0, 23024.0
13230.0, 27495.0
12086.0, 18790.0
17993.0, 28116.0
11325.0, 29580.0
12195.0, 34279.0
14061.0, 27639.0
11435.0, 26374.0
10856.0, 33073.0
11871.0, 31900.0
19975.0, 27597.0
13563.0, 29464.0
15058.0, 29300.0
12497.0, 26305.0
15090.0, 36303.0
13677.0, 23388.0
12144.0, 30129.0
12918.0, 33415.0
14144.0, 33705.0
11341.0, 29313.0
18283.0, 27230.0
14064.0, 31397.0
17417.0, 32974.0
13801.0, 25975.0
14384.0, 32631.0
14948.0, 33714.0
11275.0, 30680.0
24008.0, 27530.0
12812.0, 29537.0
15143.0, 33627.0
22492.0, 28616.0
15228.0, 36456.0
14452.0, 34478.0
20661.0, 26690.0
16099.0, 20723.0
15473.0, 29497.0
17065.0, 27107.0
12693.0, 29116.0
21144.0, 32798.0
16693.0, 24331.0
21511.0, 33903.0
11832.0, 32727.0
12991.0, 28503.0
18910.0, 28242.0
14918.0, 25683.0
12110.0, 26178.0
15177.0, 26832.0
12324.0, 28091.0
11479.0, 23371.0
13739.0, 21963.0
14357.0, 28077.0
13291.0, 26343.0
13241.0, 33537.0
10198.0, 28526.0
15586.0, 38309.0
13960.0, 31085.0
14248.0, 24128.0
16817.0, 19821.0
13971.0, 24575.0
11041.0, 25770.0
15789.0, 32816.0
11932.0, 23862.0
15264.0, 27666.0
16194.0, 22133.0
13003.0, 28021.0
19471.0, 22153.0
13688.0, 28917.0
15994.0, 22562.0
16818.0, 25239.0
13858.0, 26082.0
17163.0, 26789.0
13198.0, 21920.0
13208.0, 27323.0
11351.0, 22185.0
13976.0, 23808.0
15658.0, 24991.0
10904.0, 37881.0
12384.0, 24200.0
11003.0, 28160.0
14058.0, 32101.0
13591.0, 26149.0
10713.0, 35757.0
12154.0, 19849.0
15348.0, 25285.0
13754.0, 34029.0
15723.0, 26815.0
14467.0, 22952.0
11955.0, 31863.0
14155.0, 28374.0
19082.0, 32252.0
19132.0, 22241.0
10285.0, 27774.0
14988.0, 21914.0
19248.0, 29434.0
11249.0, 29020.0
16653.0, 27613.0
12210.0, 21966.0
13957.0, 23642.0
16915.0, 27689.0
21102.0, 16638.0
16019.0, 26167.0
18031.0, 24193.0
25720.0, 22384.0
15491.0, 22364.0
16170.0, 21670.0
19333.0, 25895.0
12146.0, 18318.0
13821.0, 28352.0
22141.0, 24399.0
14789.0, 26327.0
13320.0, 23637.0
12497.0, 25482.0
15767.0, 20933.0
10533.0, 25547.0
13932.0, 28805.0
15538.0, 20473.0
18217.0, 25878.0
15263.0, 23961.0
14864.0, 26104.0
13368.0, 18657.0
14383.0, 23685.0
14411.0, 22460.0
13587.0, 22541.0
11480.0, 19264.0
16024.0, 20376.0
13245.0, 20443.0
14968.0, 23016.0
15112.0, 29496.0
14987.0, 21718.0
28637.0, 21727.0
18606.0, 28696.0
13875.0, 21548.0
17266.0, 21332.0
9894.0, 25677.0
10465.0, 20216.0
16698.0, 21690.0
22445.0, 19893.0
17998.0, 20806.0
28901.0, 21389.0
13417.0, 18588.0
10951.0, 22798.0
11829.0, 31773.0
14589.0, 24655.0
18231.0, 17234.0
9998.0, 23918.0
16316.0, 23790.0
12744.0, 27450.0
18501.0, 20903.0
17564.0, 24830.0
10333.0, 21732.0
17494.0, 22382.0
12148.0, 30735.0
13524.0, 37422.0
16389.0, 22326.0
13934.0, 20953.0
14090.0, 22547.0
14480.0, 22428.0
20770.0, 19070.0
11661.0, 16924.0
18953.0, 28680.0
17867.0, 19761.0
12615.0, 17736.0
11633.0, 20384.0
10733.0, 18731.0
15286.0, 31791.0
14711.0, 22253.0
18908.0, 20450.0
23622.0, 21989.0
19349.0, 29784.0
21002.0, 30554.0
15849.0, 27840.0
18573.0, 18852.0
17135.0, 26157.0
13508.0, 26427.0
12650.0, 17427.0
14818.0, 17169.0
14699.0, 23968.0
19335.0, 16705.0
12431.0, 17172.0
18270.0, 17319.0
21327.0, 19801.0
18765.0, 29027.0
12441.0, 24147.0
14054.0, 21200.0
12302.0, 15364.0
12942.0, 28060.0
14797.0, 26552.0
12094.0, 14387.0
15789.0, 14343.0
19369.0, 11962.0
10614.0, 13544.0
18096.0, 14141.0
11530.0, 25077.0
10889.0, 20479.0
14971.0, 20191.0
11775.0, 25421.0
11012.0, 20532.0
13057.0, 15478.0
18528.0, 21014.0
13553.0, 22354.0
12799.0, 26458.0
16827.0, 16354.0
14354.0, 20453.0
12665.0, 18037.0
15532.0, 20165.0
18231.0, 19432.0
13344.0, 14258.0
14473.0, 14313.0
12994.0, 20146.0
16897.0, 20954.0
18672.0, 16831.0
16086.0, 16829.0
13804.0, 23024.0
19155.0, 20434.0
20862.0, 24393.0
15998.0, 22938.0
12320.0, 15684.0
19976.0, 16824.0
15772.0, 16191.0
16187.0, 18682.0
9646.0, 26986.0
11076.0, 31694.0
12937.0, 22817.0
16529.0, 19027.0
13858.0, 24757.0
14928.0, 22441.0
20825.0, 25308.0
14421.0, 20351.0
9978.0, 11445.0
13015.0, 16422.0
14908.0, 23107.0
11540.0, 21153.0
14870.0, 12098.0
10521.0, 21595.0
10130.0, 13587.0
13763.0, 22947.0
11965.0, 24530.0
15161.0, 22956.0
19697.0, 18823.0
15426.0, 22072.0
14747.0, 22577.0
11228.0, 19932.0
11329.0, 16904.0
10827.0, 17954.0
18119.0, 20278.0
12017.0, 21081.0
14230.0, 17457.0
11772.0, 27429.0
14650.0, 16837.0
11164.0, 18625.0
15689.0, 21128.0
17155.0, 18641.0
12570.0, 18723.0
10222.0, 15411.0
19845.0, 15478.0
21896.0, 18738.0
10941.0, 16122.0
14779.0, 18077.0
18752.0, 19925.0
15330.0, 21362.0
11653.0, 27259.0
11965.0, 19913.0
15416.0, 19022.0
10371.0, 15595.0
16617.0, 15311.0
14311.0, 20149.0
11057.0, 12616.0
13720.0, 14038.0
12747.0, 27440.0
11334.0, 11933.0
14393.0, 14266.0
13647.0, 19304.0
20962.0, 19770.0
12378.0, 30551.0
11698.0, 19334.0
11093.0, 14623.0
16828.0, 14963.0
11353.0, 18846.0
11234.0, 16837.0
11286.0, 17304.0
11036.0, 14845.0
16106.0, 10027.0
15879.0, 18710.0
17189.0, 16559.0
11762.0, 26471.0
20217.0, 16668.0
11494.0, 15856.0
14691.0, 19322.0
18188.0, 15622.0
12329.0, 21325.0
22205.0, 25362.0
12047.0, 28924.0
16612.0, 19483.0
11605.0, 22606.0
21297.0, 17924.0
13755.0, 15031.0
24240.0, 17158.0
16151.0, 13005.0
15185.0, 20871.0
17877.0, 14517.0
22728.0, 16755.0
19532.0, 15316.0
12190.0, 22667.0
15913.0, 17772.0
11732.0, 11992.0
16010.0, 19759.0
21094.0, 17468.0
10499.0, 28562.0
15243.0, 14618.0
13274.0, 18261.0
22122.0, 20606.0
13054.0, 16593.0
12259.0, 14803.0
15854.0, 18096.0
10302.0, 12244.0
14882.0, 14688.0
12368.0, 20710.0
12527.0, 15195.0
18289.0, 12104.0
14770.0, 22928.0
10660.0, 19924.0
14608.0, 12778.0
11325.0, 20372.0
9152.0, 14607.0
15398.0, 17831.0
18815.0, 17025.0
13595.0, 18282.0
10245.0, 11112.0
18921.0, 12374.0
14234.0, 16981.0
11698.0, 17194.0
14096.0, 15730.0
17826.0, 15689.0
14323.0, 16429.0
12791.0, 17809.0
11151.0, 19590.0
15104.0, 22012.0
14858.0, 21870.0
17968.0, 17153.0
14024.0, 21724.0
14555.0, 21450.0
12568.0, 16797.0
9591.0, 23744.0
15817.0, 15423.0
12511.0, 24592.0
9973.0, 23434.0
14684.0, 20981.0
15590.0, 18169.0
16443.0, 17100.0
11206.0, 17236.0
18314.0, 19812.0
12763.0, 17371.0
16834.0, 26347.0
16262.0, 20356.0
12996.0, 20664.0
15598.0, 22945.0
18383.0, 23308.0
12245.0, 21067.0
16197.0, 15236.0
10034.0, 20777.0
12492.0, 12963.0
13192.0, 19522.0
11499.0, 21068.0
11629.0, 28511.0
15075.0, 11975.0
17882.0, 22473.0
16309.0, 20823.0
14425.0, 15021.0
12220.0, 25058.0
17626.0, 13455.0
17944.0, 24556.0
18604.0, 28167.0
16783.0, 22295.0
12317.0, 14002.0
12708.0, 21569.0
14517.0, 26307.0
10619.0, 23715.0
10687.0, 28207.0
11531.0, 15814.0
26014.0, 27713.0
21848.0, 22362.0
16812.0, 25411.0
10487.0, 23127.0
17407.0, 19816.0
8803.0, 24696.0
11075.0, 18250.0
13495.0, 18317.0
9531.0, 15609.0
10514.0, 19277.0
11659.0, 22338.0
15406.0, 19206.0
11298.0, 21161.0
15936.0, 16708.0
11078.0, 21969.0
16679.0, 25043.0
12894.0, 21972.0
11785.0, 14488.0
15390.0, 22601.0
